date,open,high,low,close,adj close,volume,company
2004-05-31,15.5,15.6,14.58,15.12,15.12,29425300,AMD
2004-06-07,15.3,16.35,15.29,15.75,15.75,43107800,AMD
2004-06-14,15.75,15.75,14.35,14.88,14.88,33948100,AMD
2004-06-21,14.94,15.8,14.06,15.5,15.5,62235900,AMD
2004-06-28,15.72,16.0,15.09,15.27,15.27,49300100,AMD
2004-07-05,15.0,15.4,14.65,14.81,14.81,39869400,AMD
2004-07-12,14.71,14.71,12.55,12.64,12.64,98600100,AMD
2004-07-19,12.64,12.93,12.11,12.12,12.12,55855800,AMD
2004-07-26,12.15,12.56,11.03,12.49,12.49,65186800,AMD
2004-08-02,12.2,12.29,11.17,11.26,11.26,44912800,AMD
2004-08-09,11.75,11.75,10.76,11.06,11.06,42066200,AMD
2004-08-16,11.06,12.15,10.98,11.97,11.97,32984000,AMD
2004-08-23,12.13,12.44,11.69,11.96,11.96,31409500,AMD
2004-08-30,11.96,11.96,10.76,10.9,10.9,39187700,AMD
2004-09-06,11.1,12.29,10.83,12.21,12.21,35901400,AMD
2004-09-13,12.43,13.16,12.12,12.7,12.7,60076100,AMD
2004-09-20,12.5,13.23,12.24,12.42,12.42,41908600,AMD
2004-09-27,12.25,13.49,12.22,13.43,13.43,30635600,AMD
2004-10-04,13.52,14.22,13.09,13.5,13.5,63037600,AMD
2004-10-11,13.75,14.19,13.51,14.0,14.0,43621500,AMD
2004-10-18,13.9,15.99,13.88,15.56,15.56,80683300,AMD
2004-10-25,15.49,16.85,15.41,16.82,16.82,47501300,AMD
2004-11-01,16.88,18.1,16.45,17.09,17.09,85402900,AMD
2004-11-08,17.09,21.1,17.02,21.02,21.02,84664300,AMD
2004-11-15,20.85,22.49,20.5,20.81,20.81,83660800,AMD
2004-11-22,20.5,21.83,20.0,21.54,21.54,29954300,AMD
2004-11-29,21.85,23.5,20.86,23.22,23.22,66041400,AMD
2004-12-06,23.22,24.95,21.65,21.83,21.83,84665800,AMD
2004-12-13,22.55,23.13,22.0,22.43,22.43,39706100,AMD
2004-12-20,22.5,22.6,20.51,22.12,22.12,45176600,AMD
2004-12-27,22.26,22.37,21.55,22.02,22.02,28054400,AMD
2005-01-03,22.11,22.3,19.15,19.92,19.92,76217800,AMD
2005-01-10,20.1,20.49,14.63,15.16,15.16,191519400,AMD
2005-01-17,15.05,15.87,15.05,15.49,15.49,67304600,AMD
2005-01-24,15.6,16.32,15.11,15.71,15.71,51190900,AMD
2005-01-31,16.0,17.49,15.74,17.49,17.49,50247700,AMD
2005-02-07,17.53,18.45,17.13,18.11,18.11,50846300,AMD
2005-02-14,18.1,18.36,16.78,16.9,16.9,44671100,AMD
2005-02-21,16.79,17.91,16.24,17.77,17.77,57477000,AMD
2005-02-28,17.7,18.02,17.08,17.43,17.43,40093100,AMD
2005-03-07,17.34,17.75,16.3,16.36,16.36,35381100,AMD
2005-03-14,16.36,16.69,15.86,16.08,16.08,36659700,AMD
2005-03-21,16.1,16.22,15.16,16.12,16.12,32452200,AMD
2005-03-28,16.25,16.44,15.11,16.19,16.19,43065400,AMD
2005-04-04,16.18,17.38,15.67,17.09,17.09,54144600,AMD
2005-04-11,17.09,17.5,15.41,15.45,15.45,72792400,AMD
2005-04-18,15.45,15.6,14.45,14.6,14.6,50172000,AMD
2005-04-25,14.8,15.09,14.08,14.23,14.23,30868300,AMD
2005-05-02,14.21,15.02,14.21,14.9,14.9,25383400,AMD
2005-05-09,15.08,15.85,14.85,15.48,15.48,37060900,AMD
2005-05-16,15.7,16.12,15.38,16.0,16.0,27904900,AMD
2005-05-23,16.12,16.62,15.76,16.21,16.21,31207600,AMD
2005-05-30,16.15,17.34,16.15,17.08,17.08,27262400,AMD
2005-06-06,17.0,18.34,16.81,17.57,17.57,54655700,AMD
2005-06-13,17.45,17.7,16.58,17.44,17.44,31928100,AMD
2005-06-20,17.23,18.23,17.1,17.17,17.17,30619700,AMD
2005-06-27,17.11,17.73,16.63,17.45,17.45,30989900,AMD
2005-07-04,17.74,19.03,17.6,18.94,18.94,31936300,AMD
2005-07-11,19.05,20.17,18.71,20.01,20.01,62622800,AMD
2005-07-18,19.95,20.84,19.78,20.49,20.49,39445700,AMD
2005-07-25,20.22,20.36,19.2,20.08,20.08,35832800,AMD
2005-08-01,20.08,20.7,19.82,19.91,19.91,22415700,AMD
2005-08-08,20.08,21.3,19.91,20.7,20.7,33035100,AMD
2005-08-15,20.63,21.27,20.28,20.55,20.55,30828600,AMD
2005-08-22,20.67,21.18,20.35,21.0,21.0,23088700,AMD
2005-08-29,20.9,21.22,20.3,20.9,20.9,30471000,AMD
2005-09-05,21.05,24.03,20.96,23.85,23.85,41521400,AMD
2005-09-12,23.71,23.95,22.41,22.65,22.65,47021500,AMD
2005-09-19,22.52,23.28,21.77,22.98,22.98,45969700,AMD
2005-09-26,23.76,25.75,23.2,25.2,25.2,62507900,AMD
2005-10-03,25.47,26.07,23.59,24.0,24.0,56558200,AMD
2005-10-10,24.3,24.45,20.5,21.19,21.19,98974200,AMD
2005-10-17,21.36,21.95,20.22,21.85,21.85,49003700,AMD
2005-10-24,22.0,23.04,21.43,22.32,22.32,47193300,AMD
2005-10-31,22.45,24.83,22.43,24.63,24.63,47873200,AMD
2005-11-07,24.76,24.99,23.97,24.76,24.76,39594400,AMD
2005-11-14,24.76,26.95,24.76,26.74,26.74,77663000,AMD
2005-11-21,27.0,27.36,26.05,26.52,26.52,47769400,AMD
2005-11-28,26.68,28.25,25.3,27.95,27.95,54683200,AMD
2005-12-05,27.65,27.77,25.25,26.9,26.9,47915100,AMD
2005-12-12,27.2,28.37,26.66,28.17,28.17,43279900,AMD
2005-12-19,27.81,30.65,27.67,30.5,30.5,49062500,AMD
2005-12-26,30.77,31.84,30.16,30.6,30.6,37188100,AMD
2006-01-02,31.02,34.25,30.88,33.78,33.78,55065700,AMD
2006-01-09,33.75,37.46,32.91,34.13,34.13,91077000,AMD
2006-01-16,32.46,38.4,32.15,35.7,35.7,124685900,AMD
2006-01-23,35.85,40.79,34.67,39.85,39.85,104764500,AMD
2006-01-30,39.62,42.42,39.44,39.54,39.54,76902800,AMD
2006-02-06,40.1,42.09,39.17,40.1,40.1,56112800,AMD
2006-02-13,39.88,41.82,38.32,40.33,40.33,67056200,AMD
2006-02-20,40.58,41.2,39.37,40.54,40.54,47484800,AMD
2006-02-27,40.7,42.7,38.62,39.51,39.51,92662900,AMD
2006-03-06,39.9,40.25,35.6,36.63,36.63,90433400,AMD
2006-03-13,35.5,36.0,32.59,33.95,33.95,129773800,AMD
2006-03-20,33.94,36.16,33.52,36.13,36.13,80764500,AMD
2006-03-27,35.96,36.08,32.95,33.16,33.16,76536300,AMD
2006-04-03,32.2,35.4,32.17,33.69,33.69,73198900,AMD
2006-04-10,33.62,35.75,31.61,31.8,31.8,107012600,AMD
2006-04-17,31.94,32.24,29.97,31.73,31.73,104034800,AMD
2006-04-24,31.9,33.76,31.41,32.35,32.35,60728600,AMD
2006-05-01,32.52,34.5,31.78,34.43,34.43,40591700,AMD
2006-05-08,34.05,34.42,31.25,31.66,31.66,58720500,AMD
2006-05-15,31.6,34.96,29.68,34.95,34.95,115052000,AMD
2006-05-22,34.45,34.75,30.25,31.63,31.63,88892400,AMD
2006-05-29,31.39,31.92,29.95,30.1,30.1,58066000,AMD
2006-06-05,30.05,30.14,26.23,26.75,26.75,98042700,AMD
2006-06-12,26.8,26.97,24.37,25.64,25.64,88255700,AMD
2006-06-19,25.85,26.02,24.62,25.14,25.14,53975600,AMD
2006-06-26,25.3,25.38,23.46,24.42,24.42,64224200,AMD
2006-07-03,24.48,24.72,22.45,23.56,23.56,57696100,AMD
2006-07-10,23.71,23.91,21.23,21.6,21.6,80218400,AMD
2006-07-17,21.35,22.1,18.23,18.26,18.26,122463100,AMD
2006-07-24,17.62,19.1,16.9,19.1,19.1,144609100,AMD
2006-07-31,19.28,21.2,18.84,20.47,20.47,98275600,AMD
2006-08-07,20.28,20.85,19.37,19.78,19.78,68193800,AMD
2006-08-14,19.93,24.76,19.59,23.93,23.93,140957700,AMD
2006-08-21,23.67,25.72,23.29,24.56,24.56,107253400,AMD
2006-08-28,24.54,25.25,23.7,24.66,24.66,71888400,AMD
2006-09-04,25.2,26.23,23.72,25.8,25.8,99052400,AMD
2006-09-11,25.48,27.65,25.36,26.53,26.53,97174200,AMD
2006-09-18,26.58,27.9,25.64,26.21,26.21,85463500,AMD
2006-09-25,26.4,27.17,24.66,24.85,24.85,108546800,AMD
2006-10-02,24.67,25.24,23.79,24.01,24.01,89378600,AMD
2006-10-09,24.25,25.4,22.87,25.23,25.23,129984800,AMD
2006-10-16,25.35,25.69,20.0,20.12,20.12,229298800,AMD
2006-10-23,20.22,21.79,20.15,20.86,20.86,163099100,AMD
2006-10-30,20.96,21.57,20.56,20.88,20.88,95568300,AMD
2006-11-06,21.12,21.98,20.8,21.07,21.07,90924500,AMD
2006-11-13,21.06,21.95,20.79,21.45,21.45,98504200,AMD
2006-11-20,21.41,21.97,21.05,21.8,21.8,57073800,AMD
2006-11-27,21.72,22.33,20.41,20.69,20.69,116905100,AMD
2006-12-04,21.0,21.73,20.65,20.93,20.93,89286700,AMD
2006-12-11,21.02,23.0,19.9,22.12,22.12,170201800,AMD
2006-12-18,22.05,22.21,20.68,20.77,20.77,88154600,AMD
2006-12-25,20.89,20.89,20.3,20.35,20.35,36727900,AMD
2007-01-01,20.08,20.4,19.32,19.71,19.71,67905200,AMD
2007-01-08,19.71,20.63,17.62,18.26,18.26,196556100,AMD
2007-01-15,18.15,18.35,17.66,17.73,17.73,103589100,AMD
2007-01-22,17.59,17.7,15.93,16.22,16.22,184021600,AMD
2007-01-29,16.21,16.23,15.52,15.69,15.69,124386500,AMD
2007-02-05,15.74,15.8,14.8,14.9,14.9,122907700,AMD
2007-02-12,14.96,15.13,14.47,14.94,14.94,102047100,AMD
2007-02-19,14.93,15.01,14.43,14.69,14.69,95604700,AMD
2007-02-26,14.83,15.73,14.13,14.18,14.18,217226300,AMD
2007-03-05,13.6,14.35,13.53,14.2,14.2,111971700,AMD
2007-03-12,14.09,14.27,13.7,14.01,14.01,97714700,AMD
2007-03-19,14.01,14.05,13.32,13.5,13.5,133277400,AMD
2007-03-26,13.55,13.73,12.96,13.06,13.06,91562900,AMD
2007-04-02,13.08,13.09,12.6,12.86,12.86,64263100,AMD
2007-04-09,13.4,13.79,13.13,13.57,13.57,170325800,AMD
2007-04-16,13.6,14.75,13.37,14.16,14.16,182699900,AMD
2007-04-23,14.03,14.73,13.6,14.32,14.32,239617200,AMD
2007-04-30,14.27,14.28,13.35,13.53,13.53,119104900,AMD
2007-05-07,13.58,14.69,13.0,14.68,14.68,166441500,AMD
2007-05-14,14.94,15.95,14.84,15.59,15.59,174575800,AMD
2007-05-21,15.63,15.77,14.59,14.76,14.76,108991500,AMD
2007-05-28,14.97,15.0,14.22,14.31,14.31,74278200,AMD
2007-06-04,14.25,14.4,13.56,14.07,14.07,148177800,AMD
2007-06-11,14.12,14.25,13.53,13.63,13.63,114873200,AMD
2007-06-18,13.65,14.88,13.28,14.57,14.57,160468900,AMD
2007-06-25,14.68,14.83,14.05,14.3,14.3,103553000,AMD
2007-07-02,14.26,14.49,14.11,14.39,14.39,61469400,AMD
2007-07-09,14.53,15.5,14.34,15.43,15.43,123535500,AMD
2007-07-16,15.45,16.19,15.02,15.5,15.5,190347300,AMD
2007-07-23,15.51,15.69,13.84,13.87,13.87,199543300,AMD
2007-07-30,14.02,14.08,12.85,12.85,12.85,142370900,AMD
2007-08-06,12.91,13.6,12.38,13.01,13.01,189120000,AMD
2007-08-13,13.22,13.22,11.27,11.89,11.89,156190300,AMD
2007-08-20,12.05,12.44,11.82,12.13,12.13,103861000,AMD
2007-08-27,12.08,13.04,11.66,13.0,13.0,111944800,AMD
2007-09-03,13.17,13.44,12.55,12.61,12.61,73559700,AMD
2007-09-10,12.92,13.13,12.57,12.69,12.69,98804800,AMD
2007-09-17,12.85,13.53,12.7,13.24,13.24,109523000,AMD
2007-09-24,13.34,13.92,13.12,13.2,13.2,111767200,AMD
2007-10-01,13.25,13.9,12.8,13.63,13.63,107602800,AMD
2007-10-08,13.55,14.23,13.5,13.94,13.94,101575300,AMD
2007-10-15,13.9,14.73,13.62,13.8,13.8,145963600,AMD
2007-10-22,13.6,13.9,12.55,12.89,12.89,96285800,AMD
2007-10-29,12.98,13.22,12.68,13.17,13.17,57935800,AMD
2007-11-05,13.06,13.8,12.05,12.37,12.37,104624000,AMD
2007-11-12,12.32,13.27,11.92,12.64,12.64,98663000,AMD
2007-11-19,12.54,12.61,10.52,10.78,10.78,106377200,AMD
2007-11-26,10.83,10.92,9.65,9.76,9.76,165894800,AMD
2007-12-03,9.82,9.9,8.79,9.05,9.05,180030400,AMD
2007-12-10,9.12,9.53,8.42,8.43,8.43,175215000,AMD
2007-12-17,8.4,8.42,7.54,7.79,7.79,167098900,AMD
2007-12-24,7.78,7.88,7.3,7.32,7.32,56467800,AMD
2007-12-31,7.26,7.6,6.1,6.25,6.25,151989900,AMD
2008-01-07,6.37,6.44,5.31,6.25,6.25,217403800,AMD
2008-01-14,6.48,7.15,5.8,7.07,7.07,213544500,AMD
2008-01-21,6.57,7.79,6.57,7.15,7.15,138153400,AMD
2008-01-28,7.1,8.03,6.98,8.0,8.0,110021000,AMD
2008-02-04,8.07,8.08,6.22,6.34,6.34,141889200,AMD
2008-02-11,6.36,6.93,6.23,6.45,6.45,106121700,AMD
2008-02-18,6.64,7.18,6.45,6.71,6.71,91808800,AMD
2008-02-25,6.64,7.48,6.64,7.21,7.21,103090400,AMD
2008-03-03,7.21,7.21,6.31,6.49,6.49,137548500,AMD
2008-03-10,6.6,6.83,6.13,6.38,6.38,113462800,AMD
2008-03-17,6.21,6.54,6.07,6.11,6.11,86979700,AMD
2008-03-24,6.2,6.34,5.76,5.91,5.91,97830700,AMD
2008-03-31,5.82,6.37,5.78,6.23,6.23,126023300,AMD
2008-04-07,6.31,6.48,5.95,6.01,6.01,158496800,AMD
2008-04-14,6.06,6.39,5.61,6.11,6.11,126946000,AMD
2008-04-21,6.1,6.14,5.83,6.06,6.06,83809800,AMD
2008-04-28,6.06,6.34,5.93,6.16,6.16,68434500,AMD
2008-05-05,6.16,7.41,6.11,6.94,6.94,189731500,AMD
2008-05-12,6.97,7.48,6.97,7.26,7.26,99039900,AMD
2008-05-19,7.31,7.48,6.76,6.88,6.88,80373400,AMD
2008-05-26,6.91,7.07,6.71,6.88,6.88,64768700,AMD
2008-06-02,6.88,7.79,6.72,7.43,7.43,130145300,AMD
2008-06-09,7.57,7.98,6.92,7.52,7.52,118390000,AMD
2008-06-16,7.47,7.94,6.96,6.99,6.99,108982600,AMD
2008-06-23,7.13,7.17,5.85,5.95,5.95,146863800,AMD
2008-06-30,6.01,6.04,5.01,5.3,5.3,108552700,AMD
2008-07-07,5.47,5.67,4.6,4.84,4.84,166471400,AMD
2008-07-14,4.92,5.32,4.53,4.65,4.65,168324600,AMD
2008-07-21,4.73,4.75,4.27,4.36,4.36,108868100,AMD
2008-07-28,4.38,4.39,4.05,4.28,4.28,95696100,AMD
2008-08-04,4.31,5.26,4.29,5.13,5.13,99606700,AMD
2008-08-11,5.1,5.87,5.0,5.64,5.64,117924400,AMD
2008-08-18,5.7,6.0,5.52,5.81,5.81,110656000,AMD
2008-08-25,5.93,6.35,5.82,6.29,6.29,84236300,AMD
2008-09-01,6.37,6.47,5.34,5.96,5.96,97988500,AMD
2008-09-08,6.23,6.3,5.51,5.75,5.75,96616600,AMD
2008-09-15,5.31,5.68,4.8,5.42,5.42,119765100,AMD
2008-09-22,5.4,5.42,4.85,5.16,5.16,94908400,AMD
2008-09-29,5.0,6.0,3.0,4.53,4.53,142134700,AMD
2008-10-06,4.26,5.56,3.51,3.81,3.81,214399300,AMD
2008-10-13,4.24,4.52,3.65,4.21,4.21,135018900,AMD
2008-10-20,4.25,4.31,2.78,3.03,3.03,101676800,AMD
2008-10-27,2.96,3.71,2.65,3.5,3.5,102439000,AMD
2008-11-03,3.59,3.87,3.06,3.16,3.16,88343100,AMD
2008-11-10,3.29,3.29,2.3,2.43,2.43,91290000,AMD
2008-11-17,2.5,2.69,1.62,1.82,1.82,90570400,AMD
2008-11-24,1.9,2.37,1.75,2.36,2.36,71895700,AMD
2008-12-01,2.31,2.37,1.92,2.13,2.13,113776100,AMD
2008-12-08,2.25,2.32,2.01,2.28,2.28,82141900,AMD
2008-12-15,2.26,2.35,2.15,2.27,2.27,51778000,AMD
2008-12-22,2.26,2.26,1.93,2.18,2.18,38916700,AMD
2008-12-29,2.26,2.43,2.06,2.38,2.38,45323100,AMD
2009-01-05,2.37,2.85,2.35,2.69,2.69,80359200,AMD
2009-01-12,2.69,2.69,2.05,2.29,2.29,80269400,AMD
2009-01-19,2.23,2.29,1.86,2.07,2.07,72951400,AMD
2009-01-26,2.08,2.45,2.0,2.19,2.19,67540900,AMD
2009-02-02,2.15,2.51,2.07,2.41,2.41,61805500,AMD
2009-02-09,2.36,2.46,2.0,2.42,2.42,73370900,AMD
2009-02-16,2.3,2.5,2.0,2.03,2.03,59188200,AMD
2009-02-23,2.09,2.28,2.01,2.18,2.18,61680300,AMD
2009-03-02,2.13,2.33,2.01,2.14,2.14,75160500,AMD
2009-03-09,2.11,2.6,2.1,2.52,2.52,65897100,AMD
2009-03-16,2.51,3.19,2.43,2.67,2.67,96614300,AMD
2009-03-23,2.87,3.78,2.83,3.37,3.37,102707200,AMD
2009-03-30,3.2,3.43,2.92,3.43,3.43,103101600,AMD
2009-04-06,3.3,3.92,3.25,3.75,3.75,62793400,AMD
2009-04-13,3.75,3.85,3.32,3.56,3.56,68698800,AMD
2009-04-20,3.43,3.75,3.17,3.51,3.51,85792300,AMD
2009-04-27,3.43,3.9,3.35,3.82,3.82,70047300,AMD
2009-05-04,3.9,4.45,3.83,3.93,3.93,90426800,AMD
2009-05-11,3.9,4.67,3.87,4.01,4.01,154609600,AMD
2009-05-18,4.19,4.76,4.06,4.26,4.26,90842400,AMD
2009-05-25,4.26,4.84,4.23,4.54,4.54,80530500,AMD
2009-06-01,4.69,4.9,4.34,4.63,4.63,109174500,AMD
2009-06-08,4.58,4.87,4.33,4.47,4.47,105219200,AMD
2009-06-15,4.39,4.45,3.81,3.87,3.87,137860900,AMD
2009-06-22,3.84,3.86,3.43,3.62,3.62,94028700,AMD
2009-06-29,3.72,4.05,3.65,3.78,3.78,78404500,AMD
2009-07-06,3.74,3.77,3.22,3.49,3.49,113035400,AMD
2009-07-13,3.53,4.0,3.36,4.0,4.0,100687300,AMD
2009-07-20,4.03,4.25,3.41,3.77,3.77,196482800,AMD
2009-07-27,3.82,3.84,3.65,3.66,3.66,84950000,AMD
2009-08-03,3.75,3.85,3.66,3.7,3.7,69065300,AMD
2009-08-10,3.71,3.76,3.52,3.69,3.69,82065600,AMD
2009-08-17,3.55,3.71,3.47,3.7,3.7,76576100,AMD
2009-08-24,3.93,4.55,3.88,4.47,4.47,166617400,AMD
2009-08-31,4.32,4.57,4.13,4.53,4.53,126550400,AMD
2009-09-07,4.6,5.75,4.57,5.68,5.68,205379500,AMD
2009-09-14,5.62,5.94,5.43,5.7,5.7,170207400,AMD
2009-09-21,5.57,6.3,5.51,5.83,5.83,166905800,AMD
2009-09-28,5.87,6.1,5.05,5.31,5.31,163472100,AMD
2009-10-05,5.15,5.9,5.12,5.88,5.88,115676400,AMD
2009-10-12,6.13,6.36,5.65,5.74,5.74,200518900,AMD
2009-10-19,5.78,6.18,5.52,5.6,5.6,131026500,AMD
2009-10-26,5.62,5.71,4.55,4.6,4.6,147302700,AMD
2009-11-02,4.68,5.05,4.33,5.04,5.04,107839500,AMD
2009-11-09,5.12,6.73,5.07,6.53,6.53,287904800,AMD
2009-11-16,6.56,7.33,6.32,6.95,6.95,248803500,AMD
2009-11-23,7.03,7.15,6.68,6.85,6.85,80409400,AMD
2009-11-30,6.9,8.25,6.78,7.86,7.86,182336700,AMD
2009-12-07,8.25,8.9,8.23,8.64,8.64,163734900,AMD
2009-12-14,8.81,9.39,8.57,9.05,9.05,133826600,AMD
2009-12-21,9.09,9.95,9.01,9.91,9.91,87532300,AMD
2009-12-28,9.97,10.04,9.44,9.68,9.68,62056500,AMD
2010-01-04,9.79,9.9,9.18,9.43,9.43,100097400,AMD
2010-01-11,9.38,9.44,8.52,8.84,8.84,146722300,AMD
2010-01-18,8.84,9.21,7.82,7.88,7.88,154704900,AMD
2010-01-25,8.01,8.25,7.3,7.46,7.46,137881100,AMD
2010-02-01,7.61,7.98,6.98,7.35,7.35,123089700,AMD
2010-02-08,7.38,8.0,7.28,7.87,7.87,98312800,AMD
2010-02-15,7.91,8.2,7.82,7.93,7.93,48382600,AMD
2010-02-22,7.96,8.1,7.62,7.91,7.91,79860000,AMD
2010-03-01,7.94,8.7,7.94,8.61,8.61,83897300,AMD
2010-03-08,8.66,9.09,8.43,8.93,8.93,82632100,AMD
2010-03-15,8.88,9.74,8.8,9.11,9.11,94070300,AMD
2010-03-22,8.91,9.49,8.79,9.02,9.02,65802600,AMD
2010-03-29,9.08,9.49,9.06,9.37,9.37,47681000,AMD
2010-04-05,9.47,9.83,9.18,9.3,9.3,104033300,AMD
2010-04-12,9.37,10.24,9.35,9.81,9.81,183759200,AMD
2010-04-19,9.73,9.91,9.29,9.76,9.76,118995600,AMD
2010-04-26,9.8,10.15,9.06,9.07,9.07,126858100,AMD
2010-05-03,9.18,9.38,7.81,8.38,8.38,204089400,AMD
2010-05-10,8.92,9.78,8.31,8.8,8.8,201566000,AMD
2010-05-17,8.75,9.01,7.75,8.4,8.4,164537500,AMD
2010-05-24,8.32,8.87,7.68,8.57,8.57,144689200,AMD
2010-05-31,8.43,8.73,8.01,8.11,8.11,115550400,AMD
2010-06-07,8.2,8.22,7.42,8.12,8.12,137045000,AMD
2010-06-14,8.31,9.19,8.24,8.83,8.83,129308900,AMD
2010-06-21,9.03,9.16,7.93,8.09,8.09,126930800,AMD
2010-06-28,8.14,8.24,7.02,7.17,7.17,145176300,AMD
2010-07-05,7.4,7.52,6.96,7.34,7.34,91765700,AMD
2010-07-12,7.38,7.82,7.11,7.37,7.37,248579300,AMD
2010-07-19,7.41,7.84,7.15,7.82,7.82,140451200,AMD
2010-07-26,7.82,8.25,7.41,7.49,7.49,173977100,AMD
2010-08-02,7.63,7.77,7.41,7.45,7.45,115852800,AMD
2010-08-09,7.48,7.52,6.26,6.49,6.49,241699600,AMD
2010-08-16,6.47,6.77,6.19,6.25,6.25,99539800,AMD
2010-08-23,6.3,6.36,5.53,6.08,6.08,161032600,AMD
2010-08-30,6.02,6.12,5.57,6.09,6.09,133890100,AMD
2010-09-06,6.04,6.18,5.67,5.81,5.81,81392200,AMD
2010-09-13,5.89,6.47,5.89,6.12,6.12,145566300,AMD
2010-09-20,6.16,6.85,6.02,6.84,6.84,164020800,AMD
2010-09-27,6.92,7.44,6.84,7.05,7.05,198765000,AMD
2010-10-04,7.03,7.12,6.77,7.05,7.05,129205900,AMD
2010-10-11,7.1,7.48,7.0,7.12,7.12,158692600,AMD
2010-10-18,7.11,7.14,6.79,6.89,6.89,155934600,AMD
2010-10-25,6.96,7.68,6.94,7.34,7.34,130929800,AMD
2010-11-01,7.48,8.16,7.3,8.04,8.04,117010200,AMD
2010-11-08,8.03,8.24,7.46,7.63,7.63,154919800,AMD
2010-11-15,7.75,7.82,7.24,7.47,7.47,88888500,AMD
2010-11-22,7.44,7.67,7.26,7.55,7.55,40817100,AMD
2010-11-29,7.47,7.7,7.26,7.65,7.65,89150400,AMD
2010-12-06,7.65,8.23,7.61,8.07,8.07,106620400,AMD
2010-12-13,8.13,8.43,7.86,8.1,8.1,98417600,AMD
2010-12-20,8.09,8.32,7.95,8.04,8.04,43717000,AMD
2010-12-27,8.0,8.19,7.93,8.18,8.18,35742200,AMD
2011-01-03,8.44,8.95,8.39,8.83,8.83,102746200,AMD
2011-01-10,9.05,9.25,8.05,8.2,8.2,228447700,AMD
2011-01-17,8.2,8.24,7.51,7.54,7.54,134246100,AMD
2011-01-24,7.53,7.83,7.34,7.49,7.49,153062900,AMD
2011-01-31,7.55,8.6,7.5,8.4,8.4,163290100,AMD
2011-02-07,8.47,8.49,8.03,8.28,8.28,82096300,AMD
2011-02-14,8.26,9.58,8.25,9.18,9.18,200135400,AMD
2011-02-21,8.88,9.45,8.37,9.29,9.29,134839400,AMD
2011-02-28,9.34,9.39,9.0,9.23,9.23,104049400,AMD
2011-03-07,9.19,9.22,8.26,8.65,8.65,120799800,AMD
2011-03-14,8.56,8.75,7.93,8.55,8.55,94024800,AMD
2011-03-21,8.73,8.9,8.28,8.88,8.88,74147400,AMD
2011-03-28,8.89,8.89,8.27,8.36,8.36,80159700,AMD
2011-04-04,8.4,8.54,8.01,8.47,8.47,108685300,AMD
2011-04-11,8.46,8.58,8.02,8.27,8.27,66837400,AMD
2011-04-18,8.11,8.77,8.01,8.71,8.71,68935900,AMD
2011-04-25,8.67,9.14,8.42,9.1,9.1,84983700,AMD
2011-05-02,9.16,9.17,8.63,8.92,8.92,77032500,AMD
2011-05-09,8.93,9.07,8.72,8.9,8.9,69553100,AMD
2011-05-16,8.77,8.95,8.38,8.62,8.62,86939900,AMD
2011-05-23,8.49,8.69,8.31,8.49,8.49,62587000,AMD
2011-05-30,8.56,8.71,7.92,7.97,7.97,61288700,AMD
2011-06-06,7.97,7.99,7.44,7.59,7.59,87470400,AMD
2011-06-13,7.6,7.79,6.96,7.0,7.0,118897100,AMD
2011-06-20,6.96,7.25,6.72,6.9,6.9,129164800,AMD
2011-06-27,6.91,7.13,6.79,7.11,7.11,110457800,AMD
2011-07-04,7.11,7.2,6.92,6.95,6.95,61809700,AMD
2011-07-11,6.8,6.9,6.31,6.43,6.43,116862300,AMD
2011-07-18,6.37,7.79,6.09,7.75,7.75,190778600,AMD
2011-07-25,7.62,7.87,7.21,7.34,7.34,114893900,AMD
2011-08-01,7.54,7.58,6.16,6.56,6.56,162067300,AMD
2011-08-08,6.03,6.42,5.6,6.21,6.21,143499500,AMD
2011-08-15,6.28,6.47,5.64,5.98,5.98,108276400,AMD
2011-08-22,6.13,6.7,5.89,6.49,6.49,111208900,AMD
2011-08-29,6.58,6.94,6.28,6.32,6.32,90918700,AMD
2011-09-05,6.09,6.96,6.07,6.52,6.52,84504900,AMD
2011-09-12,6.4,7.44,6.4,7.2,7.2,106886000,AMD
2011-09-19,6.96,7.14,5.9,6.17,6.17,140489100,AMD
2011-09-26,6.37,6.76,5.07,5.08,5.08,181605700,AMD
2011-10-03,5.03,5.03,4.31,4.73,4.73,147162700,AMD
2011-10-10,4.85,5.07,4.75,4.92,4.92,79503700,AMD
2011-10-17,4.9,4.92,4.45,4.72,4.72,95410900,AMD
2011-10-24,4.74,6.05,4.74,5.94,5.94,147750000,AMD
2011-10-31,5.84,5.96,5.29,5.67,5.67,130010400,AMD
2011-11-07,5.67,6.0,5.34,5.95,5.95,93804000,AMD
2011-11-14,5.93,5.99,5.4,5.47,5.47,69580700,AMD
2011-11-21,5.34,5.48,4.96,4.99,4.99,61773900,AMD
2011-11-28,5.24,5.83,5.2,5.65,5.65,57105200,AMD
2011-12-05,5.75,5.84,5.39,5.54,5.54,65288700,AMD
2011-12-12,5.38,5.39,5.01,5.13,5.13,75949300,AMD
2011-12-19,5.2,5.51,4.82,5.41,5.41,62463500,AMD
2011-12-26,5.4,5.48,5.24,5.4,5.4,23976800,AMD
2012-01-02,5.53,5.59,5.35,5.43,5.43,45125500,AMD
2012-01-09,5.42,5.85,5.38,5.66,5.66,55062300,AMD
2012-01-16,5.77,6.49,5.71,6.42,6.42,78653300,AMD
2012-01-23,6.42,6.95,6.23,6.82,6.82,139097200,AMD
2012-01-30,6.73,7.12,6.61,7.08,7.08,76607500,AMD
2012-02-06,7.02,7.39,6.9,7.05,7.05,77455900,AMD
2012-02-13,7.24,7.68,7.17,7.42,7.42,80602300,AMD
2012-02-20,7.44,7.57,7.0,7.46,7.46,72103500,AMD
2012-02-27,7.4,7.7,7.27,7.46,7.46,69572800,AMD
2012-03-05,7.35,7.65,6.76,7.58,7.58,95484000,AMD
2012-03-12,7.55,8.33,7.43,8.2,8.2,97236700,AMD
2012-03-19,8.19,8.23,7.9,8.09,8.09,55024200,AMD
2012-03-26,8.16,8.35,7.93,8.02,8.02,62385400,AMD
2012-04-02,8.03,8.24,7.6,7.87,7.87,61931400,AMD
2012-04-09,7.71,7.95,7.52,7.73,7.73,58982100,AMD
2012-04-16,7.8,8.21,7.55,7.76,7.76,108536600,AMD
2012-04-23,7.59,7.65,7.21,7.33,7.33,103256100,AMD
2012-04-30,7.3,7.72,7.13,7.18,7.18,74390800,AMD
2012-05-07,7.13,7.32,6.48,6.78,6.78,86672400,AMD
2012-05-14,6.69,6.89,6.0,6.01,6.01,85210600,AMD
2012-05-21,6.1,6.34,5.89,6.22,6.22,68418700,AMD
2012-05-28,6.23,6.46,5.63,5.73,5.73,80692500,AMD
2012-06-04,5.76,6.14,5.52,5.91,5.91,66324900,AMD
2012-06-11,6.01,6.02,5.68,5.87,5.87,54721500,AMD
2012-06-18,5.85,6.09,5.63,5.73,5.73,89652200,AMD
2012-06-25,5.64,5.73,5.32,5.73,5.73,69114200,AMD
2012-07-02,5.75,6.08,5.66,5.75,5.75,45791300,AMD
2012-07-09,5.69,5.78,4.81,4.9,4.9,140649300,AMD
2012-07-16,4.85,5.07,4.2,4.22,4.22,124785600,AMD
2012-07-23,4.15,4.2,3.98,4.09,4.09,88590000,AMD
2012-07-30,4.08,4.15,3.89,4.09,4.09,63464100,AMD
2012-08-06,4.1,4.47,3.95,4.34,4.34,118674400,AMD
2012-08-13,4.31,4.35,4.08,4.1,4.1,58610900,AMD
2012-08-20,4.1,4.18,3.85,3.94,3.94,87923600,AMD
2012-08-27,3.95,3.95,3.6,3.72,3.72,73310700,AMD
2012-09-03,3.69,3.71,3.43,3.45,3.45,101429000,AMD
2012-09-10,3.49,3.99,3.46,3.9,3.9,177719500,AMD
2012-09-17,3.9,4.02,3.58,3.6,3.6,205999900,AMD
2012-09-24,3.54,3.55,3.22,3.37,3.37,111034400,AMD
2012-10-01,3.39,3.41,3.09,3.22,3.22,114355200,AMD
2012-10-08,3.21,3.26,2.74,2.74,2.74,150913100,AMD
2012-10-15,2.79,2.83,2.17,2.18,2.18,243820400,AMD
2012-10-22,2.23,2.23,2.03,2.07,2.07,147455600,AMD
2012-10-29,2.13,2.15,2.05,2.1,2.1,59926200,AMD
2012-11-05,2.1,2.14,1.96,2.03,2.03,150544600,AMD
2012-11-12,2.04,2.35,1.81,1.86,1.86,159875100,AMD
2012-11-19,1.9,1.97,1.86,1.95,1.95,46504200,AMD
2012-11-26,1.96,2.22,1.84,2.2,2.2,190051300,AMD
2012-12-03,2.28,2.48,2.21,2.36,2.36,199131200,AMD
2012-12-10,2.35,2.44,2.3,2.39,2.39,90949500,AMD
2012-12-17,2.41,2.59,2.25,2.59,2.59,128048700,AMD
2012-12-24,2.54,2.57,2.25,2.28,2.28,67119100,AMD
2012-12-31,2.29,2.59,2.28,2.59,2.59,94934100,AMD
2013-01-07,2.61,2.76,2.55,2.67,2.67,110832000,AMD
2013-01-14,2.68,2.78,2.43,2.46,2.46,132039800,AMD
2013-01-21,2.52,2.93,2.43,2.85,2.85,170480400,AMD
2013-01-28,2.89,2.92,2.45,2.6,2.6,110141600,AMD
2013-02-04,2.63,2.64,2.49,2.59,2.59,49406700,AMD
2013-02-11,2.59,2.83,2.59,2.71,2.71,71593200,AMD
2013-02-18,2.75,2.84,2.52,2.61,2.61,92211400,AMD
2013-02-25,2.64,2.65,2.42,2.42,2.42,76252000,AMD
2013-03-04,2.44,2.64,2.36,2.56,2.56,71783900,AMD
2013-03-11,2.57,2.63,2.51,2.6,2.6,55412700,AMD
2013-03-18,2.59,2.75,2.53,2.54,2.54,81360700,AMD
2013-03-25,2.57,2.62,2.49,2.55,2.55,28365900,AMD
2013-04-01,2.54,2.57,2.28,2.29,2.29,65280500,AMD
2013-04-08,2.31,2.66,2.26,2.48,2.48,123000000,AMD
2013-04-15,2.45,2.56,2.29,2.47,2.47,89686500,AMD
2013-04-22,2.47,2.72,2.43,2.64,2.64,83508100,AMD
2013-04-29,2.66,3.8,2.65,3.6,3.6,293388500,AMD
2013-05-06,3.72,3.99,3.44,3.95,3.95,221553800,AMD
2013-05-13,3.95,4.42,3.66,4.07,4.07,261703700,AMD
2013-05-20,4.18,4.2,3.79,4.05,4.05,154598800,AMD
2013-05-27,4.13,4.15,3.96,4.0,4.0,68827600,AMD
2013-06-03,4.02,4.04,3.81,3.91,3.91,91845500,AMD
2013-06-10,3.95,4.11,3.87,3.94,3.94,95767300,AMD
2013-06-17,4.12,4.18,3.86,4.0,4.0,138464500,AMD
2013-06-24,4.07,4.21,3.99,4.08,4.08,106374900,AMD
2013-07-01,4.11,4.13,3.95,4.07,4.07,48760100,AMD
2013-07-08,4.08,4.5,3.96,4.32,4.32,202866900,AMD
2013-07-15,4.34,4.65,3.85,4.03,4.03,300535500,AMD
2013-07-22,4.01,4.01,3.58,3.82,3.82,249591300,AMD
2013-07-29,3.87,3.9,3.75,3.8,3.8,121959000,AMD
2013-08-05,3.83,3.84,3.57,3.65,3.65,89400800,AMD
2013-08-12,3.62,3.84,3.61,3.66,3.66,95039700,AMD
2013-08-19,3.67,3.74,3.59,3.65,3.65,77642900,AMD
2013-08-26,3.65,3.66,3.25,3.27,3.27,138734500,AMD
2013-09-02,3.32,3.6,3.25,3.57,3.57,104196500,AMD
2013-09-09,3.63,3.89,3.62,3.83,3.83,135135500,AMD
2013-09-16,3.9,4.0,3.77,3.83,3.83,199053700,AMD
2013-09-23,3.81,3.98,3.75,3.86,3.86,94838800,AMD
2013-09-30,3.79,3.95,3.75,3.91,3.91,103829500,AMD
2013-10-07,3.87,3.91,3.55,3.83,3.83,130102100,AMD
2013-10-14,3.87,4.13,3.51,3.53,3.53,304565900,AMD
2013-10-21,3.56,3.56,3.04,3.34,3.34,313725000,AMD
2013-10-28,3.38,3.39,3.25,3.31,3.31,88329700,AMD
2013-11-04,3.34,3.38,3.2,3.27,3.27,76746000,AMD
2013-11-11,3.29,3.57,3.25,3.5,3.5,88775300,AMD
2013-11-18,3.53,3.54,3.33,3.34,3.34,68239600,AMD
2013-11-25,3.36,3.68,3.34,3.64,3.64,63919500,AMD
2013-12-02,3.65,3.71,3.48,3.66,3.66,99343600,AMD
2013-12-09,3.66,3.78,3.6,3.69,3.69,72567000,AMD
2013-12-16,3.64,3.7,3.51,3.69,3.69,72904800,AMD
2013-12-23,3.74,3.85,3.72,3.78,3.78,38466300,AMD
2013-12-30,3.79,4.0,3.78,4.0,4.0,73302700,AMD
2014-01-06,4.01,4.26,3.99,4.17,4.17,167517500,AMD
2014-01-13,4.19,4.6,4.09,4.18,4.18,224722300,AMD
2014-01-20,4.31,4.34,3.41,3.47,3.47,222972900,AMD
2014-01-27,3.48,3.57,3.35,3.43,3.43,111773700,AMD
2014-02-03,3.43,3.5,3.29,3.47,3.47,99012700,AMD
2014-02-10,3.5,3.75,3.45,3.69,3.69,99517000,AMD
2014-02-17,3.69,3.75,3.65,3.69,3.69,53015100,AMD
2014-02-24,3.71,3.77,3.63,3.71,3.71,65964300,AMD
2014-03-03,3.66,4.02,3.6,3.95,3.95,106960900,AMD
2014-03-10,4.04,4.06,3.8,3.85,3.85,129752200,AMD
2014-03-17,3.88,4.14,3.78,4.04,4.04,111266500,AMD
2014-03-24,4.05,4.14,3.87,3.88,3.88,87707400,AMD
2014-03-31,3.93,4.12,3.9,4.01,4.01,89233600,AMD
2014-04-07,3.98,4.02,3.65,3.65,3.65,109277100,AMD
2014-04-14,3.72,3.83,3.65,3.69,3.69,94710800,AMD
2014-04-21,4.01,4.35,3.96,4.05,4.05,249937600,AMD
2014-04-28,4.09,4.24,3.87,4.12,4.12,117026200,AMD
2014-05-05,4.1,4.14,3.85,3.87,3.87,79852500,AMD
2014-05-12,3.87,4.09,3.86,4.02,4.02,71526600,AMD
2014-05-19,4.0,4.11,3.96,4.02,4.02,68922200,AMD
2014-05-26,4.05,4.06,3.98,4.0,4.0,38123900,AMD
2014-06-02,4.03,4.11,3.92,4.06,4.06,57194100,AMD
2014-06-09,4.05,4.44,4.04,4.28,4.28,100959600,AMD
2014-06-16,4.26,4.5,4.07,4.1,4.1,125942300,AMD
2014-06-23,4.06,4.11,3.9,4.11,4.11,121556300,AMD
2014-06-30,4.12,4.4,4.08,4.24,4.24,98271000,AMD
2014-07-07,4.23,4.4,4.1,4.37,4.37,142984100,AMD
2014-07-14,4.44,4.8,3.67,3.83,3.83,479895300,AMD
2014-07-21,3.86,3.87,3.69,3.76,3.76,159733400,AMD
2014-07-28,3.77,4.01,3.68,3.97,3.97,256454900,AMD
2014-08-04,3.97,4.2,3.93,4.12,4.12,137974200,AMD
2014-08-11,4.03,4.19,3.99,4.13,4.13,146824500,AMD
2014-08-18,4.14,4.32,4.14,4.25,4.25,100894500,AMD
2014-08-25,4.27,4.27,4.07,4.17,4.17,43165100,AMD
2014-09-01,4.16,4.25,4.15,4.15,4.15,41625500,AMD
2014-09-08,4.13,4.18,3.96,3.96,3.96,52848500,AMD
2014-09-15,3.98,4.02,3.7,3.81,3.81,122479400,AMD
2014-09-22,3.81,3.83,3.6,3.6,3.6,72809300,AMD
2014-09-29,3.56,3.66,3.28,3.4,3.4,161157200,AMD
2014-10-06,3.42,3.44,2.71,2.72,2.72,174176800,AMD
2014-10-13,2.78,2.86,2.54,2.72,2.72,229910200,AMD
2014-10-20,2.79,2.8,2.6,2.68,2.68,111456400,AMD
2014-10-27,2.68,2.83,2.65,2.8,2.8,79517600,AMD
2014-11-03,2.81,2.91,2.75,2.78,2.78,50119700,AMD
2014-11-10,2.78,2.81,2.61,2.61,2.61,59870400,AMD
2014-11-17,2.62,2.77,2.59,2.77,2.77,64240400,AMD
2014-11-24,2.8,2.86,2.76,2.79,2.79,39586000,AMD
2014-12-01,2.77,2.82,2.61,2.66,2.66,70713100,AMD
2014-12-08,2.65,2.68,2.35,2.52,2.52,97370200,AMD
2014-12-15,2.52,2.6,2.42,2.57,2.57,76334700,AMD
2014-12-22,2.55,2.72,2.52,2.65,2.65,31972900,AMD
2014-12-29,2.64,2.7,2.63,2.67,2.67,27488600,AMD
2015-01-05,2.67,2.7,2.54,2.63,2.63,55212500,AMD
2015-01-12,2.62,2.68,2.39,2.39,2.39,85813300,AMD
2015-01-19,2.39,2.5,2.14,2.45,2.45,150520900,AMD
2015-01-26,2.44,2.84,2.44,2.57,2.57,143861700,AMD
2015-02-02,2.69,3.37,2.65,3.03,3.03,194765900,AMD
2015-02-09,3.03,3.18,2.93,3.15,3.15,72472600,AMD
2015-02-16,3.16,3.17,3.01,3.06,3.06,33204500,AMD
2015-02-23,3.05,3.14,3.02,3.11,3.11,39222200,AMD
2015-03-02,3.13,3.23,2.83,2.92,2.92,64661700,AMD
2015-03-09,2.92,2.98,2.71,2.75,2.75,56436400,AMD
2015-03-16,2.75,2.82,2.72,2.8,2.8,44844500,AMD
2015-03-23,2.81,2.85,2.53,2.72,2.72,88290400,AMD
2015-03-30,2.73,2.76,2.65,2.69,2.69,33870600,AMD
2015-04-06,2.68,2.78,2.68,2.76,2.76,31578000,AMD
2015-04-13,2.76,2.94,2.45,2.58,2.58,118839600,AMD
2015-04-20,2.56,2.57,2.25,2.3,2.3,118210200,AMD
2015-04-27,2.3,2.37,2.25,2.31,2.31,59933900,AMD
2015-05-04,2.31,2.36,2.24,2.31,2.31,65308200,AMD
2015-05-11,2.31,2.39,2.3,2.32,2.32,44560200,AMD
2015-05-18,2.35,2.37,2.27,2.28,2.28,41242000,AMD
2015-05-25,2.27,2.33,2.2,2.28,2.28,47623900,AMD
2015-06-01,2.29,2.34,2.25,2.33,2.33,40897500,AMD
2015-06-08,2.31,2.36,2.28,2.31,2.31,38885400,AMD
2015-06-15,2.32,2.59,2.29,2.58,2.58,96872600,AMD
2015-06-22,2.61,2.67,2.37,2.47,2.47,170260800,AMD
2015-06-29,2.41,2.63,2.31,2.53,2.53,92913700,AMD
2015-07-06,2.46,2.54,1.93,1.96,1.96,122970000,AMD
2015-07-13,1.97,2.09,1.74,1.79,1.79,87191400,AMD
2015-07-20,1.82,1.84,1.65,1.67,1.67,70340600,AMD
2015-07-27,1.67,1.99,1.61,1.93,1.93,75684400,AMD
2015-08-03,1.93,2.21,1.9,2.09,2.09,70938400,AMD
2015-08-10,1.92,1.98,1.79,1.84,1.84,59949700,AMD
2015-08-17,1.82,1.88,1.68,1.78,1.78,52530700,AMD
2015-08-24,1.69,1.87,1.65,1.85,1.85,62794300,AMD
2015-08-31,1.82,1.87,1.71,1.82,1.82,35172300,AMD
2015-09-07,1.85,2.14,1.81,2.01,2.01,53922500,AMD
2015-09-14,2.0,2.0,1.81,1.87,1.87,45556800,AMD
2015-09-21,1.87,1.9,1.66,1.71,1.71,41894500,AMD
2015-09-28,1.69,1.83,1.65,1.83,1.83,31115700,AMD
2015-10-05,1.82,1.96,1.77,1.96,1.96,41841000,AMD
2015-10-12,1.96,2.06,1.85,1.94,1.94,73441300,AMD
2015-10-19,1.91,2.21,1.91,2.21,2.21,48971700,AMD
2015-10-26,2.21,2.21,2.1,2.12,2.12,28417200,AMD
2015-11-02,2.13,2.3,2.11,2.15,2.15,36069100,AMD
2015-11-09,2.15,2.18,1.94,1.99,1.99,25422500,AMD
2015-11-16,1.99,2.25,1.95,2.22,2.22,34790900,AMD
2015-11-23,2.22,2.4,2.17,2.33,2.33,30244300,AMD
2015-11-30,2.34,2.37,2.2,2.28,2.28,34705000,AMD
2015-12-07,2.26,2.5,2.21,2.36,2.36,51204500,AMD
2015-12-14,2.36,2.6,2.3,2.45,2.45,63955400,AMD
2015-12-21,2.47,3.0,2.43,2.92,2.92,74026000,AMD
2015-12-28,2.91,3.06,2.86,2.87,2.87,52484100,AMD
2016-01-04,2.77,2.82,2.1,2.14,2.14,123274400,AMD
2016-01-11,2.16,2.46,1.99,2.03,2.03,87231000,AMD
2016-01-18,2.08,2.18,1.75,2.02,2.02,90855900,AMD
2016-01-25,2.01,2.2,2.01,2.2,2.2,54128000,AMD
2016-02-01,2.17,2.19,1.95,1.98,1.98,46218000,AMD
2016-02-08,1.97,2.0,1.81,1.83,1.83,53862200,AMD
2016-02-15,1.86,1.98,1.82,1.91,1.91,44231100,AMD
2016-02-22,1.94,2.1,1.93,2.07,2.07,37038200,AMD
2016-02-29,2.06,2.55,2.05,2.37,2.37,68798600,AMD
2016-03-07,2.36,2.54,2.15,2.52,2.52,62849500,AMD
2016-03-14,2.53,2.93,2.45,2.93,2.93,123768600,AMD
2016-03-21,2.9,2.9,2.62,2.79,2.79,43988000,AMD
2016-03-28,2.81,2.98,2.7,2.83,2.83,53575000,AMD
2016-04-04,2.83,2.87,2.61,2.74,2.74,49734100,AMD
2016-04-11,2.76,2.85,2.68,2.7,2.7,49697800,AMD
2016-04-18,2.67,3.99,2.6,3.99,3.99,185807300,AMD
2016-04-25,3.81,3.82,3.31,3.55,3.55,179079400,AMD
2016-05-02,3.58,3.8,3.54,3.68,3.68,72815000,AMD
2016-05-09,3.66,3.73,3.45,3.67,3.67,58980700,AMD
2016-05-16,3.67,3.98,3.65,3.87,3.87,85753900,AMD
2016-05-23,3.9,4.63,3.88,4.6,4.6,151509800,AMD
2016-05-30,4.67,4.71,4.07,4.16,4.16,107972400,AMD
2016-06-06,4.2,4.67,4.17,4.32,4.32,89405700,AMD
2016-06-13,4.32,5.27,4.3,5.26,5.26,140910200,AMD
2016-06-20,5.39,5.52,4.76,4.88,4.88,193243600,AMD
2016-06-27,4.88,5.4,4.65,5.07,5.07,137745700,AMD
2016-07-04,5.03,5.15,4.82,5.1,5.1,79679900,AMD
2016-07-11,5.13,5.24,5.0,5.14,5.14,90162300,AMD
2016-07-18,5.19,5.97,5.1,5.84,5.84,224241700,AMD
2016-07-25,5.93,7.16,5.92,6.86,6.86,288222600,AMD
2016-08-01,6.89,6.92,6.15,6.61,6.61,133928200,AMD
2016-08-08,6.7,6.85,6.25,6.73,6.73,106012000,AMD
2016-08-15,6.79,8.0,6.61,7.62,7.62,174812100,AMD
2016-08-22,7.83,7.95,7.2,7.67,7.67,139833400,AMD
2016-08-29,7.72,7.79,7.09,7.51,7.51,92636200,AMD
2016-09-05,7.56,7.6,5.85,5.9,5.9,344359200,AMD
2016-09-12,5.83,6.22,5.66,6.05,6.05,293583900,AMD
2016-09-19,6.12,6.65,6.08,6.55,6.55,197148700,AMD
2016-09-26,6.54,7.04,6.29,6.91,6.91,165989200,AMD
2016-10-03,6.95,7.15,6.62,6.75,6.75,147581000,AMD
2016-10-10,6.82,7.12,6.24,6.75,6.75,177240100,AMD
2016-10-17,6.92,6.98,6.37,6.52,6.52,207847500,AMD
2016-10-24,6.57,7.53,6.54,7.2,7.2,294545200,AMD
2016-10-31,7.24,7.46,6.46,6.56,6.56,181994300,AMD
2016-11-07,6.79,7.18,6.22,6.69,6.69,224448900,AMD
2016-11-14,6.83,8.83,6.61,8.71,8.71,323160700,AMD
2016-11-21,8.87,9.22,8.5,8.77,8.77,185768800,AMD
2016-11-28,8.72,9.23,8.26,8.53,8.53,216332400,AMD
2016-12-05,8.69,10.66,8.45,10.34,10.34,343764100,AMD
2016-12-12,10.4,11.23,10.27,10.66,10.66,283928300,AMD
2016-12-19,10.81,11.75,10.52,11.58,11.58,218953100,AMD
2016-12-26,11.65,12.42,11.01,11.34,11.34,209920700,AMD
2017-01-02,11.42,11.69,11.02,11.32,11.32,169271900,AMD
2017-01-09,11.37,11.64,10.33,10.58,10.58,219505000,AMD
2017-01-16,10.17,10.25,9.42,9.75,9.75,196422800,AMD
2017-01-23,9.68,10.98,9.68,10.67,10.67,202260800,AMD
2017-01-30,10.62,12.66,10.22,12.24,12.24,433730400,AMD
2017-02-06,12.46,14.27,12.38,13.58,13.58,503020000,AMD
2017-02-13,13.7,13.95,12.6,13.13,13.13,225005000,AMD
2017-02-20,13.41,14.5,13.4,14.12,14.12,264468300,AMD
2017-02-27,14.27,15.55,12.79,13.03,13.03,578383100,AMD
2017-03-06,13.0,13.93,12.38,13.91,13.91,375540000,AMD
2017-03-13,14.48,14.68,13.36,13.49,13.49,450199300,AMD
2017-03-20,13.68,14.5,13.54,13.7,13.7,320007200,AMD
2017-03-27,13.35,14.75,13.21,14.55,14.55,246669500,AMD
2017-04-03,14.6,14.74,12.83,13.52,13.52,375594500,AMD
2017-04-10,13.52,13.59,12.22,12.31,12.31,197922600,AMD
2017-04-17,12.53,13.21,12.37,13.0,13.0,179517000,AMD
2017-04-24,13.23,13.76,13.05,13.3,13.3,190349400,AMD
2017-05-01,13.43,13.63,9.85,10.19,10.19,606062600,AMD
2017-05-08,10.22,11.4,10.0,11.26,11.26,281133400,AMD
2017-05-15,11.41,12.77,10.81,11.41,11.41,514081200,AMD
2017-05-22,11.49,11.55,10.62,11.0,11.0,236891800,AMD
2017-05-29,10.95,11.49,10.57,10.9,10.9,169326200,AMD
2017-06-05,10.84,13.4,10.8,12.28,12.28,589181300,AMD
2017-06-12,11.75,12.48,11.21,11.44,11.44,386439000,AMD
2017-06-19,11.63,14.67,11.62,14.17,14.17,718972700,AMD
2017-06-26,14.39,14.49,12.36,12.48,12.48,422500900,AMD
2017-07-03,12.57,13.75,12.13,13.36,13.36,316699200,AMD
2017-07-10,13.61,14.49,13.27,13.92,13.92,421672400,AMD
2017-07-17,14.03,14.12,13.15,13.88,13.88,300768300,AMD
2017-07-24,14.0,15.65,13.68,13.95,13.95,602212800,AMD
2017-07-31,14.09,14.22,13.02,13.12,13.12,302572200,AMD
2017-08-07,13.33,13.57,11.88,12.23,12.23,310358500,AMD
2017-08-14,12.58,13.19,12.25,12.37,12.37,271948500,AMD
2017-08-21,12.42,12.71,11.86,12.43,12.43,209268800,AMD
2017-08-28,12.53,13.49,11.93,13.19,13.19,218501400,AMD
2017-09-04,12.88,13.18,12.04,12.25,12.25,182331000,AMD
2017-09-11,12.46,12.74,12.11,12.52,12.52,222527500,AMD
2017-09-18,12.77,14.24,12.74,13.3,13.3,469023900,AMD
2017-09-25,13.25,13.28,12.43,12.75,12.75,282160600,AMD
2017-10-02,12.8,13.5,12.62,13.23,13.23,224955600,AMD
2017-10-09,13.26,14.41,13.26,14.22,14.22,243473000,AMD
2017-10-16,14.25,14.35,13.69,13.81,13.81,168487300,AMD
2017-10-23,13.94,14.36,11.35,11.84,11.84,504767500,AMD
2017-10-30,11.26,11.42,10.65,11.12,11.12,375467400,AMD
2017-11-06,12.04,12.27,11.03,11.26,11.26,350346100,AMD
2017-11-13,11.18,11.75,10.77,11.38,11.38,213414000,AMD
2017-11-20,11.47,11.51,11.19,11.38,11.38,102694200,AMD
2017-11-27,11.34,11.74,10.53,10.73,10.73,255791600,AMD
2017-12-04,10.85,10.86,9.7,9.94,9.94,271147200,AMD
2017-12-11,9.97,10.32,9.88,10.29,10.29,182131300,AMD
2017-12-18,10.6,11.19,10.2,10.54,10.54,211699700,AMD
2017-12-25,10.38,10.74,10.27,10.28,10.28,88648000,AMD
2018-01-01,10.42,12.43,10.34,11.88,11.88,371524900,AMD
2018-01-08,12.01,12.3,11.56,12.02,12.02,263972300,AMD
2018-01-15,12.05,12.88,11.8,12.59,12.59,190594300,AMD
2018-01-22,12.61,13.05,12.32,12.95,12.95,210337800,AMD
2018-01-29,13.13,13.85,12.43,12.45,12.45,445835500,AMD
2018-02-05,12.05,12.18,10.63,11.31,11.31,401380500,AMD
2018-02-12,11.47,12.63,11.43,11.82,11.82,255505200,AMD
2018-02-19,11.72,12.19,11.63,12.07,12.07,158496200,AMD
2018-02-26,12.14,12.88,11.43,11.81,11.81,262958900,AMD
2018-03-05,11.69,12.82,11.55,11.7,11.7,383774800,AMD
2018-03-12,11.76,12.04,11.1,11.47,11.47,442557000,AMD
2018-03-19,11.41,11.74,10.57,10.63,10.63,277905900,AMD
2018-03-26,10.71,10.8,9.79,10.05,10.05,257943300,AMD
2018-04-02,9.99,10.2,9.04,9.61,9.61,303919000,AMD
2018-04-09,9.75,10.22,9.52,9.93,9.93,197121200,AMD
2018-04-16,10.0,10.65,9.9,9.99,9.99,213538500,AMD
2018-04-23,10.09,11.36,9.56,11.11,11.11,398173400,AMD
2018-04-30,11.06,11.29,10.77,11.28,11.28,204513200,AMD
2018-05-07,11.32,12.18,11.3,11.95,11.95,232434000,AMD
2018-05-14,12.14,13.26,12.11,13.0,13.0,260566900,AMD
2018-05-21,13.25,13.72,12.71,13.54,13.54,229134800,AMD
2018-05-28,13.45,14.4,13.26,14.4,14.4,216240500,AMD
2018-06-04,14.76,15.97,14.31,15.25,15.25,409548500,AMD
2018-06-11,15.21,16.79,15.01,16.34,16.34,428628300,AMD
2018-06-18,16.18,17.34,15.46,15.8,15.8,428036400,AMD
2018-06-25,15.64,15.76,14.54,14.99,14.99,294890800,AMD
2018-07-02,14.8,16.39,14.74,16.36,16.36,181297800,AMD
2018-07-09,16.73,16.84,16.02,16.27,16.27,222964800,AMD
2018-07-16,16.42,17.0,16.41,16.5,16.5,232617900,AMD
2018-07-23,16.47,19.88,15.72,18.94,18.94,540312100,AMD
2018-07-30,19.4,20.18,18.0,18.49,18.49,460821200,AMD
2018-08-06,18.89,19.77,18.46,19.06,19.06,320958200,AMD
2018-08-13,19.16,20.28,18.73,19.77,19.77,387312800,AMD
2018-08-20,19.79,24.0,19.35,23.98,23.98,458387200,AMD
2018-08-27,24.94,27.3,24.01,25.17,25.17,852866500,AMD
2018-09-03,25.62,29.94,25.57,27.38,27.38,717181900,AMD
2018-09-10,28.15,34.14,27.84,32.72,32.72,1041955800,AMD
2018-09-17,31.75,33.37,30.51,31.02,31.02,734280200,AMD
2018-09-24,31.13,33.6,29.98,30.89,30.89,569638000,AMD
2018-10-01,30.69,31.91,26.54,27.35,27.35,613996300,AMD
2018-10-08,26.73,27.71,24.55,26.34,26.34,615007400,AMD
2018-10-15,26.38,28.53,23.6,23.66,23.66,462943000,AMD
2018-10-22,24.46,25.64,17.05,17.63,17.63,659273700,AMD
2018-10-29,18.21,21.06,16.17,20.23,20.23,564677200,AMD
2018-11-05,20.12,22.22,18.88,21.03,21.03,552416500,AMD
2018-11-12,20.68,21.77,18.8,20.66,20.66,488510600,AMD
2018-11-19,20.4,20.59,17.18,19.38,19.38,339644500,AMD
2018-11-26,19.96,21.88,19.11,21.3,21.3,499090800,AMD
2018-12-03,22.48,23.75,19.17,19.46,19.46,476199500,AMD
2018-12-10,19.35,21.14,19.27,19.9,19.9,439174500,AMD
2018-12-17,20.01,20.02,16.76,16.93,16.93,589235800,AMD
2018-12-24,16.52,18.31,16.03,17.82,17.82,392332300,AMD
2018-12-31,18.15,19.07,16.94,19.0,19.0,401037100,AMD
2019-01-07,19.44,21.44,18.9,20.27,20.27,593112300,AMD
2019-01-14,19.96,21.05,19.02,20.77,20.77,378134700,AMD
2019-01-21,20.48,22.03,19.55,21.93,21.93,363997900,AMD
2019-01-28,20.32,25.14,19.05,24.51,24.51,765719600,AMD
2019-02-04,24.43,24.66,22.27,23.05,23.05,436607300,AMD
2019-02-11,23.05,24.05,22.59,23.68,23.68,328803600,AMD
2019-02-18,23.63,24.41,23.61,24.36,24.36,216868400,AMD
2019-02-25,25.01,25.52,23.11,23.68,23.68,261809300,AMD
2019-03-04,23.89,24.13,21.04,22.01,22.01,246243700,AMD
2019-03-11,22.15,24.15,21.98,23.29,23.29,256875100,AMD
2019-03-18,23.3,28.11,23.04,26.37,26.37,587009700,AMD
2019-03-25,26.29,26.99,24.55,25.52,25.52,360947900,AMD
2019-04-01,26.42,29.95,25.83,28.98,28.98,461863400,AMD
2019-04-08,28.69,28.95,27.19,27.85,27.85,283760400,AMD
2019-04-15,27.8,28.27,26.96,27.68,27.68,176274300,AMD
2019-04-22,27.62,28.86,27.05,27.88,27.88,236197100,AMD
2019-04-29,27.9,29.15,26.61,28.22,28.22,409783400,AMD
2019-05-06,26.72,28.1,26.03,27.96,27.96,368261400,AMD
2019-05-13,26.98,28.46,26.1,27.5,27.5,370403700,AMD
2019-05-20,26.98,27.59,26.03,26.44,26.44,263516900,AMD
2019-05-27,27.27,29.67,27.06,27.41,27.41,380876100,AMD
2019-06-03,28.75,32.6,27.29,32.41,32.41,552672100,AMD
2019-06-10,33.53,34.3,30.02,30.36,30.36,370731400,AMD
2019-06-17,30.25,31.36,28.97,29.1,29.1,374823600,AMD
2019-06-24,29.32,31.11,28.67,30.37,30.37,280184100,AMD
2019-07-01,31.79,32.04,30.73,31.5,31.5,155471500,AMD
2019-07-08,31.8,34.03,30.1,33.21,33.21,286089100,AMD
2019-07-15,33.34,34.86,32.42,32.51,32.51,278127400,AMD
2019-07-22,32.8,34.77,32.74,34.02,34.02,198470500,AMD
2019-07-29,34.14,34.18,28.94,29.44,29.44,378600700,AMD
2019-08-05,28.26,35.55,27.65,34.19,34.19,493251800,AMD
2019-08-12,34.16,34.65,29.21,31.18,31.18,478611400,AMD
2019-08-19,32.0,32.19,29.4,29.54,29.54,288311400,AMD
2019-08-26,30.34,31.87,29.6,31.45,31.45,244407400,AMD
2019-09-02,30.83,32.05,30.48,30.56,30.56,194178100,AMD
2019-09-09,30.93,31.18,29.51,30.69,30.69,255026800,AMD
2019-09-16,30.37,31.32,29.65,30.05,30.05,255848100,AMD
2019-09-23,30.12,30.8,28.35,28.72,28.72,270401100,AMD
2019-09-30,28.89,29.54,27.43,29.01,29.01,208790000,AMD
2019-10-07,28.9,30.2,27.92,29.75,29.75,226181400,AMD
2019-10-14,29.71,31.41,29.38,30.97,30.97,205444900,AMD
2019-10-21,31.5,32.86,30.83,32.71,32.71,188127000,AMD
2019-10-28,33.16,35.0,32.03,34.89,34.89,340272700,AMD
2019-11-04,35.19,37.18,34.76,36.29,36.29,313571600,AMD
2019-11-11,35.96,39.37,35.58,38.56,38.56,298611900,AMD
2019-11-18,38.65,41.79,38.19,39.15,39.15,385245000,AMD
2019-11-25,39.5,40.17,38.81,39.15,39.15,140612800,AMD
2019-12-02,39.32,40.22,37.15,39.63,39.63,198241400,AMD
2019-12-09,39.46,42.95,38.82,41.15,41.15,260165800,AMD
2019-12-16,41.73,44.26,41.73,44.15,44.15,256747900,AMD
2019-12-23,44.58,47.31,44.39,46.18,46.18,194462800,AMD
2019-12-30,46.14,49.39,44.66,48.6,48.6,226281400,AMD
2020-01-06,48.02,49.96,47.14,48.17,48.17,280409800,AMD
2020-01-13,48.66,51.05,47.91,50.93,50.93,229651300,AMD
2020-01-20,50.96,52.81,49.47,50.35,50.35,210007500,AMD
2020-01-27,48.45,50.85,46.1,47.0,47.0,354354900,AMD
2020-02-03,46.4,50.67,46.23,49.73,49.73,237800900,AMD
2020-02-10,49.47,55.4,49.35,55.31,55.31,285691100,AMD
2020-02-17,54.94,59.27,52.89,53.28,53.28,291205000,AMD
2020-02-24,48.18,51.24,41.04,45.48,45.48,468449900,AMD
2020-03-02,47.42,50.2,44.66,48.59,48.59,560502400,AMD
2020-03-09,43.03,46.34,39.0,43.9,43.9,452840300,AMD
2020-03-16,39.08,43.37,36.75,39.61,39.61,480035600,AMD
2020-03-23,40.62,47.98,38.95,46.58,46.58,450538700,AMD
2020-03-30,47.24,48.53,41.7,42.59,42.59,402412500,AMD
2020-04-06,44.3,50.25,44.06,48.38,48.38,329593600,AMD
2020-04-13,48.47,58.08,48.23,56.6,56.6,413426200,AMD
2020-04-20,55.98,58.63,51.41,56.18,56.18,401739000,AMD
2020-04-27,57.44,58.0,49.09,49.88,49.88,388977400,AMD
2020-05-04,49.82,53.51,49.73,53.19,53.19,256931900,AMD
2020-05-11,52.9,56.58,51.3,54.2,54.2,341967100,AMD
2020-05-18,54.98,56.98,53.78,55.17,55.17,251866100,AMD
2020-05-25,56.01,56.08,49.09,53.8,53.8,272370300,AMD
2020-06-01,53.31,54.11,52.01,53.1,53.1,225262300,AMD
2020-06-08,53.3,59.0,52.11,53.5,53.5,348224700,AMD
2020-06-15,52.58,56.07,52.41,54.23,54.23,245993100,AMD
2020-06-22,54.67,55.37,49.45,50.1,50.1,262944600,AMD
2020-06-29,50.15,53.19,48.42,52.34,52.34,153633800,AMD
2020-07-06,52.9,58.15,52.07,55.88,55.88,251586800,AMD
2020-07-13,56.68,58.35,52.26,55.04,55.04,226589700,AMD
2020-07-20,55.23,69.94,54.83,69.4,69.4,537078300,AMD
2020-07-27,69.28,78.96,67.02,77.43,77.43,486977700,AMD
2020-08-03,78.19,87.29,77.06,84.85,84.85,384452400,AMD
2020-08-10,85.05,85.16,76.1,81.3,81.3,336724400,AMD
2020-08-17,82.09,84.41,79.12,83.81,83.81,191157300,AMD
2020-08-24,84.55,87.72,82.35,85.55,85.55,217345300,AMD
2020-08-31,85.05,94.28,76.33,82.01,82.01,366578900,AMD
2020-09-07,78.05,83.31,75.04,76.34,76.34,215382000,AMD
2020-09-14,76.8,80.33,73.85,74.93,74.93,250418600,AMD
2020-09-21,74.23,78.79,73.88,78.06,78.06,265431300,AMD
2020-09-28,79.12,85.25,77.52,81.8,81.8,266140300,AMD
2020-10-05,82.55,88.72,82.35,83.1,83.1,277422700,AMD
2020-10-12,83.65,86.09,82.41,83.17,83.17,196007500,AMD
2020-10-19,83.62,84.65,78.42,81.96,81.96,195899400,AMD
2020-10-26,82.55,84.97,74.23,75.29,75.29,406756200,AMD
2020-11-02,75.85,86.09,73.76,85.88,85.88,253944400,AMD
2020-11-09,84.24,87.05,77.63,81.43,81.43,237995000,AMD
2020-11-16,81.21,86.1,80.48,84.64,84.64,183207500,AMD
2020-11-23,85.52,88.0,83.32,87.19,87.19,147411500,AMD
2020-11-30,87.33,96.37,86.53,94.04,94.04,282485400,AMD
2020-12-07,94.95,95.0,89.03,91.65,91.65,188066100,AMD
2020-12-14,92.21,97.98,91.85,95.92,95.92,224014900,AMD
2020-12-21,94.25,95.28,90.53,91.81,91.81,125466800,AMD
2020-12-28,92.93,93.14,89.43,91.71,91.71,113151200,AMD
2021-01-04,92.11,96.4,89.46,94.58,94.58,220635900,AMD
2021-01-11,94.03,99.23,87.86,88.21,88.21,279733900,AMD
2021-01-18,89.56,95.95,87.24,92.79,92.79,205817500,AMD
2021-01-25,94.14,95.74,85.02,85.64,85.64,291661400,AMD
2021-02-01,86.83,89.48,84.66,87.9,87.9,169582500,AMD
2021-02-08,88.31,94.22,87.98,93.77,93.77,201787000,AMD
2021-02-15,93.9,94.0,87.31,89.58,89.58,132524600,AMD
2021-02-22,88.15,88.3,79.36,84.51,84.51,231060300,AMD
2021-03-01,85.37,86.95,74.2,78.52,78.52,230213700,AMD
2021-03-08,78.03,81.89,73.86,81.05,81.05,221590500,AMD
2021-03-15,81.91,84.75,77.59,79.06,79.06,218698900,AMD
2021-03-22,79.99,81.27,74.96,77.41,77.41,217752600,AMD
2021-03-29,77.03,81.31,74.85,81.09,81.09,160155500,AMD
2021-04-05,81.74,83.79,80.35,82.76,82.76,172214600,AMD
2021-04-12,82.06,83.95,77.94,82.15,82.15,250353300,AMD
2021-04-19,82.13,83.3,78.51,82.76,82.76,197202400,AMD
2021-04-26,83.35,89.2,81.42,81.62,81.62,326321100,AMD
2021-05-03,81.97,82.0,76.47,78.81,78.81,243443300,AMD
2021-05-10,78.2,78.3,72.5,74.59,74.59,225676700,AMD
2021-05-17,74.22,78.81,72.76,77.17,77.17,236064000,AMD
2021-05-24,77.26,81.09,76.8,80.08,80.08,187737300,AMD
2021-05-31,81.01,82.91,80.26,81.58,81.58,134836000,AMD
2021-06-07,81.4,82.65,79.7,81.31,81.31,137335300,AMD
2021-06-14,81.51,85.77,78.96,84.65,84.65,220182400,AMD
2021-06-21,83.49,87.14,82.21,85.62,85.62,172539400,AMD
2021-06-28,86.38,95.27,86.15,94.7,94.7,256540200,AMD
2021-07-05,94.88,95.44,87.45,90.9,90.9,177380500,AMD
2021-07-12,91.22,91.9,85.68,85.89,85.89,161808100,AMD
2021-07-19,84.99,92.37,84.24,92.15,92.15,162242700,AMD
2021-07-26,92.01,106.97,89.1,106.19,106.19,527380300,AMD
2021-08-02,105.93,122.49,103.83,110.11,110.11,780433600,AMD
2021-08-09,111.31,112.33,104.36,110.55,110.55,481264900,AMD
2021-08-16,110.2,111.58,101.98,104.65,104.65,353112300,AMD
2021-08-23,105.3,111.78,104.86,111.4,111.4,278032600,AMD
2021-08-30,112.61,114.49,108.5,109.92,109.92,226745400,AMD
2021-09-06,109.96,110.58,104.98,105.2,105.2,136343300,AMD
2021-09-13,105.26,106.82,102.63,103.88,103.88,199074800,AMD
2021-09-20,101.58,106.86,99.51,105.8,105.8,174135500,AMD
2021-09-27,105.07,108.44,99.81,102.45,102.45,277766300,AMD
2021-10-04,101.74,107.95,99.82,105.06,105.06,184660100,AMD
2021-10-11,104.62,112.84,104.02,112.12,112.12,202059400,AMD
2021-10-18,111.9,121.56,111.37,119.82,119.82,195164100,AMD
2021-10-25,120.52,128.08,118.6,120.23,120.23,306860900,AMD
2021-11-01,119.45,141.22,118.13,136.34,136.34,317335300,AMD
2021-11-08,137.7,155.65,137.7,147.89,147.89,443022500,AMD
2021-11-15,148.0,158.89,142.86,155.41,155.41,262181200,AMD
2021-11-22,157.14,161.88,145.3,154.81,154.81,218449000,AMD
2021-11-29,157.5,164.46,140.72,144.01,144.01,318731700,AMD
2021-12-06,141.14,147.04,134.2,138.55,138.55,256357600,AMD
2021-12-13,138.25,147.93,130.6,137.75,137.75,284366100,AMD
2021-12-20,135.97,149.02,133.52,146.14,146.14,191558100,AMD
2021-12-27,147.51,156.73,143.55,143.9,143.9,257101800,AMD
2022-01-03,145.14,152.42,131.13,132.0,132.0,328244300,AMD
2022-01-10,129.08,141.25,125.03,136.88,136.88,379191300,AMD
2022-01-17,134.5,136.39,118.39,118.81,118.81,313201800,AMD
2022-01-24,115.4,117.16,99.35,105.24,105.24,520769200,AMD
2022-01-31,107.93,130.06,106.9,123.6,123.6,589550400,AMD
2022-02-07,123.56,132.96,111.81,113.18,113.18,533187300,AMD
2022-02-14,115.51,121.88,109.89,113.83,113.83,610732700,AMD
2022-02-21,115.27,121.23,104.26,121.06,121.06,532725500,AMD
2022-02-28,120.31,124.61,106.81,108.41,108.41,594098900,AMD
2022-03-07,108.53,111.71,100.08,104.29,104.29,520400400,AMD
2022-03-14,102.99,115.42,101.04,113.46,113.46,524883500,AMD
2022-03-21,113.73,121.4,112.21,119.67,119.67,511971400,AMD
2022-03-28,117.7,125.67,106.1,108.19,108.19,545457900,AMD
2022-04-04,109.97,110.94,100.42,101.0,101.0,459554700,AMD
2022-04-11,98.6,99.59,92.92,93.06,93.06,335856900,AMD
2022-04-18,92.03,97.91,87.94,88.14,88.14,371862600,AMD
2022-04-25,89.86,91.79,84.02,85.52,85.52,439876600,AMD
2022-05-02,85.66,99.69,85.32,95.34,95.34,747496400,AMD
2022-05-09,92.87,96.57,83.27,95.12,95.12,685179400,AMD
2022-05-16,93.86,104.22,88.26,93.5,93.5,743529100,AMD
2022-05-23,91.66,102.4,89.52,102.26,102.26,597026600,AMD
2022-05-30,102.43,109.5,99.55,106.3,106.3,456252800,AMD
2022-06-06,108.27,109.57,94.25,94.82,94.82,470826100,AMD
2022-06-13,91.26,92.03,79.43,81.57,81.57,485635800,AMD
2022-06-20,84.17,87.53,80.23,87.08,87.08,363583800,AMD
2022-06-27,87.36,88.22,72.69,73.67,73.67,467525800,AMD
2022-07-04,71.98,80.47,71.6,79.35,79.35,348094700,AMD
2022-07-11,77.85,81.2,74.43,81.11,81.11,392922700,AMD
2022-07-18,82.21,91.58,80.94,88.1,88.1,431299400,AMD
2022-07-25,86.57,94.81,84.71,94.47,94.47,373204900,AMD
2022-08-01,95.59,104.59,93.62,102.31,102.31,564069300,AMD
2022-08-08,100.06,102.37,93.67,100.83,100.83,415329800,AMD
2022-08-15,100.51,101.85,94.59,95.95,95.95,328564600,AMD
2022-08-22,94.4,97.6,90.9,91.18,91.18,297853400,AMD
2022-08-29,90.05,91.19,78.52,80.24,80.24,375000400,AMD
2022-09-05,80.41,85.68,77.74,85.45,85.45,294615500,AMD
2022-09-12,84.89,85.35,74.68,76.51,76.51,381444900,AMD
2022-09-19,75.39,78.41,66.82,67.96,67.96,387292600,AMD
2022-09-26,67.87,68.8,62.83,63.36,63.36,434376500,AMD
2022-10-03,64.46,70.29,58.22,58.44,58.44,510241700,AMD
2022-10-10,57.31,60.14,54.57,55.94,55.94,543679900,AMD
2022-10-17,57.35,60.49,55.71,58.82,58.82,430665900,AMD
2022-10-24,58.57,62.72,56.66,62.01,62.01,403638900,AMD
2022-10-31,60.75,63.93,58.03,62.19,62.19,479821400,AMD
2022-11-07,62.93,73.32,59.8,72.37,72.37,421306600,AMD
2022-11-14,75.22,79.16,70.16,73.57,73.57,453351100,AMD
2022-11-21,72.21,78.22,71.57,75.14,75.14,214629000,AMD
2022-11-28,73.81,79.23,72.57,74.98,74.98,309909200,AMD
2022-12-05,74.54,75.17,68.52,68.59,68.59,286959900,AMD
2022-12-12,68.54,75.21,64.8,65.41,65.41,321699900,AMD
2022-12-19,65.12,67.85,62.26,64.52,64.52,262686500,AMD
2022-12-26,63.87,65.18,61.96,64.77,64.77,154168000,AMD
2023-01-02,66.0,66.88,60.05,63.96,63.96,210649700,AMD
2023-01-09,66.22,71.65,65.67,71.0,71.0,271184600,AMD
2023-01-16,70.87,72.78,67.27,70.07,70.07,177107500,AMD
2023-01-23,72.22,77.08,71.54,75.4,75.4,302750900,AMD
2023-01-30,74.23,88.94,72.03,86.09,86.09,436642400,AMD
2023-02-06,84.63,88.0,80.47,81.48,81.48,268299200,AMD
2023-02-13,81.57,86.19,77.37,78.5,78.5,253391700,AMD
2023-02-20,77.15,81.79,75.92,78.09,78.09,217423700,AMD
2023-02-27,79.64,81.63,76.65,81.52,81.52,248748200,AMD
2023-03-06,82.03,87.81,80.67,82.67,82.67,344800400,AMD
2023-03-13,81.39,98.75,78.52,97.84,97.84,427982800,AMD
2023-03-20,96.3,102.43,92.9,97.95,97.95,436911800,AMD
2023-03-27,98.02,99.53,92.87,98.01,98.01,287477100,AMD
2023-04-03,96.7,97.27,90.62,92.47,92.47,194608900,AMD
2023-04-10,91.32,96.07,90.5,91.75,91.75,237162500,AMD
2023-04-17,90.23,92.16,88.06,88.43,88.43,219042600,AMD
2023-04-24,88.11,89.75,83.76,89.37,89.37,244721200,AMD
2023-05-01,91.03,91.64,81.02,89.84,89.84,440572300,AMD
2023-05-08,89.99,99.94,89.17,95.26,95.26,370648900,AMD
2023-05-15,95.2,108.1,93.45,105.82,105.82,359782300,AMD
2023-05-22,104.68,127.43,103.49,127.03,127.03,405871300,AMD
2023-05-29,130.42,130.79,116.6,117.86,117.86,304818500,AMD
2023-06-05,116.59,127.25,116.42,124.92,124.92,349914100,AMD
2023-06-12,128.52,132.83,119.9,120.08,120.08,481178700,AMD
2023-06-19,119.09,121.75,107.46,110.01,110.01,285987800,AMD
2023-06-26,110.95,114.69,107.08,113.91,113.91,307151800,AMD
2023-07-03,115.16,117.66,110.31,113.17,113.17,160838700,AMD
2023-07-10,113.0,122.12,109.5,115.94,115.94,308276800,AMD
2023-07-17,115.95,121.67,109.24,110.95,110.95,350055000,AMD
2023-07-24,110.62,115.08,108.55,112.96,112.96,268425600,AMD
2023-07-31,114.16,119.5,107.38,115.82,115.82,496527100,AMD
2023-08-07,116.36,119.08,106.48,107.57,107.57,289170200,AMD
2023-08-14,106.75,113.18,101.68,105.45,105.45,284514300,AMD
2023-08-21,106.2,111.64,99.58,102.25,102.25,335282800,AMD
2023-08-28,103.47,110.06,100.89,109.45,109.45,274812300,AMD
2023-09-04,109.0,111.82,105.09,106.09,106.09,209091000,AMD
2023-09-11,107.32,109.15,101.28,101.49,101.49,256665400,AMD
2023-09-18,100.82,103.94,95.61,96.2,96.2,257744000,AMD
2023-09-25,95.95,104.94,94.46,102.82,102.82,265921100,AMD
2023-10-02,102.21,107.87,99.17,107.24,107.24,260856000,AMD
2023-10-09,106.01,111.31,104.75,105.09,105.09,261625200,AMD
2023-10-16,105.42,107.48,101.44,101.81,101.81,256576400,AMD
2023-10-23,100.81,102.42,93.12,96.43,96.43,258579900,AMD
2023-10-30,96.14,113.39,94.07,112.25,112.25,398858800,AMD
2023-11-06,112.6,119.7,110.22,118.59,118.59,277984000,AMD
2023-11-13,118.34,122.11,116.0,120.62,120.62,255485700,AMD
2023-11-20,120.7,124.76,117.94,122.31,122.31,160066700,AMD
2023-11-27,122.07,125.73,118.65,121.39,121.39,184178200,AMD
2023-12-04,119.75,131.0,116.37,128.92,128.92,347498000,AMD
2023-12-11,130.56,141.82,128.25,139.15,139.15,427291500,AMD
2023-12-18,139.15,143.47,135.37,139.6,139.6,246160800,AMD
2023-12-25,140.07,151.05,139.92,147.41,147.41,222019700,AMD
2024-01-01,144.28,144.4,133.74,138.58,138.58,255095900,AMD
2024-01-08,140.36,150.88,140.15,146.56,146.56,307599200,AMD
2024-01-15,150.36,174.25,149.98,174.23,174.23,488486800,AMD
2024-01-22,174.39,184.92,164.15,177.25,177.25,559873300,AMD
2024-01-29,178.77,179.0,162.56,177.66,177.66,518462300,AMD
2024-02-05,179.09,180.01,165.5,172.48,172.48,298629700,AMD
2024-02-12,172.68,180.5,164.3,173.87,173.87,283673300,AMD
2024-02-19,171.14,183.83,161.81,176.52,176.52,285216700,AMD
2024-02-26,178.78,202.72,172.49,202.64,202.64,334136200,AMD
2024-03-04,205.16,227.3,199.15,207.39,207.39,423391000,AMD
2024-03-11,203.01,203.55,184.03,191.06,191.06,392293400,AMD
2024-03-18,193.29,193.5,174.0,179.65,179.65,357687200,AMD
2024-03-25,172.9,183.4,172.0,180.49,180.49,250571900,AMD
2024-04-01,180.1,187.24,165.58,170.42,170.42,340039000,AMD
2024-04-08,168.2,171.66,161.82,163.28,163.28,258854200,AMD
2024-04-15,164.43,164.88,145.29,146.64,146.64,316574600,AMD
2024-04-22,148.15,158.63,145.63,157.4,157.4,222843600,AMD
2024-04-29,159.08,162.29,141.16,150.6,150.6,293030000,AMD
2024-05-06,153.1,157.7,150.61,151.92,151.92,181398200,AMD
2024-05-13,151.28,169.72,148.78,164.47,164.47,245664500,AMD
2024-05-20,165.55,173.14,158.27,166.36,166.36,269734400,AMD
2024-05-27,169.42,174.55,160.07,166.9,166.9,233844700,AMD
2024-06-03,170.82,171.08,158.87,167.87,167.87,259772000,AMD
2024-06-10,162.48,165.55,156.92,159.63,159.63,234895000,AMD
2024-06-17,158.0,166.82,153.34,161.23,161.23,250940100,AMD
2024-06-24,159.75,166.45,156.0,162.21,162.21,214125600,AMD
